CustomerID,cluster
12347.0,2
12348.0,1
12350.0,1
12352.0,1
12353.0,1
12354.0,1
12355.0,1
12358.0,1
12360.0,2
12361.0,1
12362.0,2
12363.0,1
12364.0,1
12365.0,1
12367.0,1
12370.0,2
12372.0,1
12373.0,1
12374.0,1
12375.0,1
12379.0,1
12380.0,2
12381.0,2
12383.0,1
12384.0,1
12386.0,1
12388.0,2
12390.0,1
12391.0,1
12393.0,1
12394.0,1
12395.0,2
12397.0,2
12399.0,1
12401.0,1
12402.0,1
12403.0,1
12407.0,1
12408.0,2
12410.0,1
12412.0,1
12413.0,1
12414.0,1
12417.0,2
12418.0,1
12420.0,1
12421.0,1
12422.0,1
12423.0,2
12425.0,1
12426.0,1
12427.0,1
12429.0,2
12430.0,1
12431.0,2
12434.0,1
12436.0,1
12437.0,2
12441.0,1
12442.0,1
12444.0,2
12445.0,1
12446.0,1
12447.0,1
12448.0,1
12449.0,2
12450.0,1
12452.0,1
12453.0,1
12455.0,2
12456.0,2
12457.0,2
12458.0,1
12461.0,1
12462.0,1
12463.0,1
12464.0,1
12465.0,1
12468.0,1
12473.0,2
12475.0,1
12478.0,1
12479.0,1
12480.0,2
12481.0,2
12483.0,2
12484.0,2
12488.0,1
12489.0,1
12490.0,2
12491.0,1
12492.0,1
12493.0,1
12494.0,2
12497.0,1
12498.0,1
12500.0,2
12502.0,2
12504.0,1
12506.0,1
12507.0,1
12508.0,1
12509.0,1
12510.0,1
12512.0,1
12513.0,1
12515.0,1
12516.0,1
12517.0,2
12518.0,1
12519.0,1
12520.0,2
12521.0,1
12522.0,1
12523.0,2
12524.0,2
12526.0,1
12527.0,1
12528.0,1
12530.0,1
12531.0,1
12532.0,1
12534.0,1
12535.0,1
12538.0,1
12541.0,1
12544.0,1
12545.0,1
12546.0,1
12547.0,1
12548.0,1
12550.0,1
12551.0,1
12552.0,1
12553.0,2
12556.0,1
12558.0,1
12559.0,1
12560.0,2
12561.0,1
12562.0,2
12564.0,1
12565.0,1
12566.0,1
12569.0,2
12571.0,1
12572.0,1
12573.0,1
12574.0,1
12576.0,1
12577.0,1
12578.0,2
12579.0,1
12580.0,1
12581.0,1
12582.0,1
12584.0,2
12585.0,2
12586.0,1
12587.0,1
12588.0,1
12589.0,1
12591.0,1
12592.0,1
12593.0,1
12594.0,2
12596.0,1
12597.0,2
12598.0,2
12599.0,1
12600.0,1
12601.0,1
12602.0,1
12604.0,1
12609.0,1
12610.0,2
12611.0,1
12612.0,1
12613.0,2
12614.0,1
12615.0,1
12616.0,1
12617.0,1
12618.0,1
12619.0,2
12620.0,1
12622.0,1
12623.0,1
12624.0,1
12625.0,2
12627.0,2
12628.0,1
12630.0,1
12631.0,1
12633.0,2
12635.0,1
12638.0,1
12639.0,1
12640.0,1
12641.0,1
12642.0,1
12643.0,2
12644.0,1
12645.0,2
12646.0,1
12647.0,2
12648.0,1
12649.0,1
12650.0,1
12651.0,1
12652.0,1
12653.0,2
12654.0,1
12656.0,2
12657.0,2
12658.0,1
12659.0,1
12660.0,1
12662.0,2
12664.0,2
12665.0,1
12667.0,1
12668.0,2
12669.0,2
12670.0,2
12672.0,1
12673.0,1
12674.0,2
12676.0,1
12679.0,2
12680.0,1
12684.0,2
12685.0,2
12686.0,1
12689.0,1
12690.0,1
12691.0,1
12693.0,1
12694.0,1
12695.0,1
12697.0,1
12701.0,1
12702.0,1
12703.0,1
12704.0,1
12707.0,1
12710.0,1
12712.0,2
12713.0,1
12714.0,2
12715.0,1
12716.0,1
12717.0,1
12718.0,1
12719.0,1
12721.0,2
12722.0,1
12723.0,1
12724.0,1
12725.0,1
12726.0,2
12727.0,2
12728.0,1
12729.0,1
12732.0,1
12733.0,1
12734.0,1
12735.0,1
12736.0,1
12738.0,1
12739.0,1
12740.0,1
12743.0,1
12747.0,2
12749.0,2
12750.0,1
12756.0,1
12757.0,2
12758.0,2
12759.0,1
12762.0,2
12763.0,1
12766.0,2
12772.0,1
12775.0,1
12778.0,1
12779.0,2
12781.0,1
12782.0,2
12783.0,1
12784.0,1
12785.0,1
12787.0,1
12789.0,1
12790.0,1
12792.0,1
12793.0,1
12794.0,1
12795.0,1
12797.0,1
12802.0,1
12808.0,1
12809.0,1
12811.0,1
12812.0,1
12815.0,1
12816.0,1
12817.0,1
12818.0,2
12820.0,1
12821.0,1
12822.0,1
12823.0,1
12824.0,1
12826.0,1
12827.0,1
12828.0,1
12829.0,1
12831.0,1
12832.0,1
12833.0,1
12834.0,1
12836.0,2
12837.0,1
12838.0,1
12839.0,2
12840.0,2
12841.0,2
12842.0,1
12843.0,2
12844.0,1
12845.0,1
12847.0,1
12849.0,1
12851.0,1
12852.0,1
12853.0,2
12854.0,2
12855.0,1
12856.0,2
12857.0,1
12863.0,1
12864.0,1
12865.0,2
12866.0,1
12867.0,2
12868.0,1
12870.0,1
12871.0,1
12872.0,1
12873.0,1
12875.0,1
12876.0,2
12877.0,1
12878.0,1
12879.0,1
12881.0,1
12882.0,1
12883.0,1
12884.0,1
12885.0,1
12886.0,1
12888.0,1
12890.0,1
12891.0,1
12893.0,1
12895.0,1
12897.0,1
12902.0,1
12904.0,1
12906.0,2
12908.0,1
12909.0,2
12910.0,2
12912.0,1
12913.0,2
12915.0,1
12916.0,2
12917.0,1
12919.0,2
12920.0,1
12922.0,1
12923.0,1
12924.0,1
12925.0,1
12928.0,1
12929.0,1
12930.0,1
12933.0,1
12935.0,2
12936.0,1
12937.0,1
12938.0,1
12940.0,1
12942.0,1
12944.0,1
12945.0,1
12947.0,2
12948.0,2
12949.0,2
12950.0,2
12951.0,1
12952.0,1
12953.0,1
12955.0,2
12956.0,1
12957.0,2
12962.0,1
12963.0,1
12965.0,1
12966.0,1
12967.0,2
12968.0,1
12970.0,1
12974.0,1
12976.0,1
12977.0,1
12980.0,2
12981.0,1
12982.0,1
12984.0,1
12985.0,2
12987.0,1
12988.0,1
12989.0,2
12990.0,1
12991.0,1
12993.0,1
12994.0,1
12995.0,1
12997.0,2
12999.0,1
13000.0,1
13001.0,2
13002.0,1
13003.0,1
13004.0,2
13005.0,1
13006.0,1
13008.0,1
13011.0,1
13012.0,2
13013.0,2
13014.0,2
13015.0,2
13016.0,1
13018.0,2
13021.0,2
13023.0,1
13026.0,1
13027.0,2
13028.0,1
13029.0,1
13030.0,1
13032.0,1
13033.0,1
13034.0,1
13035.0,1
13037.0,1
13038.0,1
13040.0,1
13043.0,1
13044.0,1
13045.0,1
13046.0,1
13047.0,2
13048.0,1
13049.0,1
13052.0,1
13055.0,1
13058.0,1
13059.0,1
13060.0,1
13061.0,1
13062.0,1
13064.0,1
13065.0,1
13066.0,1
13067.0,1
13068.0,1
13069.0,2
13070.0,1
13072.0,1
13075.0,1
13077.0,1
13079.0,1
13080.0,1
13082.0,2
13083.0,1
13085.0,1
13090.0,2
13091.0,1
13092.0,1
13094.0,2
13095.0,1
13097.0,2
13101.0,1
13102.0,2
13103.0,1
13104.0,1
13106.0,1
13107.0,2
13108.0,1
13109.0,1
13110.0,1
13115.0,2
13116.0,1
13117.0,1
13118.0,1
13121.0,1
13122.0,1
13124.0,2
13126.0,2
13127.0,1
13130.0,1
13131.0,1
13132.0,1
13133.0,1
13134.0,2
13136.0,2
13137.0,2
13138.0,1
13139.0,2
13140.0,1
13141.0,2
13142.0,1
13144.0,1
13145.0,1
13146.0,1
13147.0,1
13148.0,2
13149.0,1
13151.0,2
13153.0,1
13155.0,1
13157.0,2
13158.0,1
13159.0,2
13160.0,1
13161.0,1
13162.0,2
13165.0,1
13166.0,1
13167.0,1
13168.0,1
13169.0,1
13170.0,1
13171.0,1
13173.0,1
13174.0,2
13176.0,1
13177.0,1
13178.0,2
13182.0,1
13183.0,2
13184.0,2
13186.0,2
13187.0,1
13189.0,1
13192.0,1
13193.0,1
13194.0,1
13196.0,2
13198.0,2
13199.0,2
13200.0,1
13203.0,1
13207.0,1
13208.0,1
13209.0,2
13210.0,1
13211.0,1
13212.0,1
13213.0,1
13216.0,1
13217.0,1
13218.0,1
13220.0,1
13221.0,1
13223.0,1
13224.0,2
13225.0,2
13226.0,1
13227.0,1
13228.0,1
13229.0,1
13230.0,2
13232.0,1
13233.0,1
13235.0,1
13236.0,1
13238.0,1
13239.0,1
13240.0,1
13242.0,1
13243.0,1
13244.0,1
13245.0,1
13246.0,2
13247.0,1
13248.0,1
13249.0,1
13253.0,1
13255.0,1
13258.0,1
13259.0,1
13260.0,1
13261.0,1
13262.0,1
13265.0,2
13266.0,2
13267.0,2
13268.0,2
13269.0,2
13271.0,1
13272.0,1
13273.0,1
13276.0,1
13277.0,1
13278.0,1
13279.0,1
13280.0,1
13282.0,1
13283.0,1
13284.0,1
13285.0,2
13291.0,1
13292.0,1
13294.0,1
13295.0,1
13296.0,1
13297.0,2
13298.0,1
13299.0,1
13300.0,1
13301.0,1
13304.0,1
13305.0,1
13308.0,1
13309.0,1
13310.0,2
13311.0,1
13313.0,1
13314.0,1
13316.0,2
13317.0,2
13318.0,1
13320.0,2
13321.0,1
13322.0,1
13323.0,1
13325.0,1
13327.0,2
13328.0,1
13329.0,1
13330.0,1
13332.0,1
13334.0,2
13336.0,1
13338.0,1
13339.0,1
13341.0,1
13343.0,1
13344.0,2
13345.0,1
13347.0,1
13348.0,1
13349.0,1
13350.0,1
13351.0,1
13352.0,1
13354.0,1
13355.0,1
13356.0,1
13357.0,1
13358.0,1
13359.0,1
13362.0,2
13363.0,1
13364.0,1
13365.0,2
13368.0,1
13369.0,1
13370.0,1
13372.0,1
13373.0,2
13375.0,1
13376.0,1
13379.0,1
13381.0,2
13382.0,1
13384.0,2
13385.0,1
13388.0,1
13389.0,1
13390.0,1
13394.0,2
13395.0,1
13396.0,2
13397.0,1
13398.0,1
13402.0,1
13403.0,1
13404.0,1
13405.0,1
13410.0,1
13411.0,1
13414.0,1
13416.0,1
13417.0,1
13418.0,2
13419.0,1
13420.0,1
13421.0,2
13422.0,2
13425.0,1
13426.0,2
13427.0,1
13428.0,1
13429.0,1
13430.0,1
13431.0,1
13434.0,1
13435.0,2
13436.0,1
13437.0,2
13439.0,1
13441.0,1
13447.0,1
13448.0,2
13449.0,1
13450.0,1
13451.0,2
13452.0,1
13453.0,1
13455.0,1
13456.0,1
13460.0,1
13461.0,1
13462.0,1
13464.0,1
13466.0,1
13467.0,1
13468.0,2
13470.0,1
13471.0,2
13473.0,1
13474.0,1
13475.0,1
13476.0,1
13477.0,1
13479.0,1
13481.0,2
13482.0,1
13483.0,1
13484.0,1
13485.0,1
13486.0,1
13487.0,1
13488.0,2
13489.0,1
13491.0,1
13492.0,1
13493.0,1
13494.0,1
13495.0,2
13496.0,1
13497.0,1
13499.0,2
13500.0,2
13502.0,1
13503.0,1
13504.0,1
13505.0,2
13506.0,1
13507.0,2
13508.0,1
13509.0,1
13510.0,2
13512.0,1
13513.0,1
13514.0,1
13515.0,1
13516.0,1
13517.0,2
13518.0,1
13519.0,1
13520.0,2
13521.0,2
13522.0,1
13523.0,2
13524.0,1
13525.0,1
13527.0,2
13529.0,1
13531.0,1
13532.0,1
13533.0,1
13536.0,2
13538.0,1
13539.0,1
13544.0,1
13546.0,1
13548.0,1
13549.0,1
13551.0,1
13552.0,2
13555.0,2
13557.0,1
13558.0,1
13560.0,1
13561.0,1
13562.0,1
13563.0,1
13564.0,1
13565.0,1
13566.0,1
13568.0,1
13569.0,1
13570.0,1
13571.0,2
13572.0,1
13573.0,1
13575.0,1
13576.0,2
13577.0,1
13579.0,1
13581.0,1
13583.0,1
13584.0,1
13587.0,1
13588.0,2
13589.0,1
13590.0,2
13591.0,1
13592.0,1
13593.0,2
13594.0,1
13596.0,1
13598.0,1
13600.0,1
13601.0,1
13602.0,1
13603.0,1
13606.0,1
13607.0,1
13610.0,2
13611.0,1
13614.0,1
13615.0,1
13617.0,1
13618.0,1
13621.0,1
13623.0,1
13626.0,1
13627.0,2
13629.0,2
13630.0,2
13631.0,2
13632.0,2
13634.0,1
13635.0,1
13636.0,1
13637.0,1
13638.0,1
13639.0,1
13642.0,1
13643.0,1
13644.0,2
13645.0,1
13647.0,1
13649.0,1
13650.0,1
13651.0,1
13652.0,1
13654.0,2
13655.0,1
13656.0,1
13657.0,1
13658.0,2
13659.0,2
13662.0,2
13663.0,1
13666.0,1
13667.0,1
13669.0,1
13670.0,1
13672.0,1
13673.0,1
13675.0,1
13678.0,1
13680.0,2
13681.0,1
13682.0,1
13684.0,1
13685.0,2
13686.0,1
13689.0,1
13690.0,1
13692.0,2
13693.0,1
13695.0,2
13697.0,1
13699.0,1
13700.0,2
13704.0,2
13705.0,1
13706.0,1
13707.0,1
13708.0,1
13709.0,2
13710.0,1
13711.0,1
13712.0,1
13715.0,2
13716.0,1
13717.0,1
13718.0,1
13719.0,1
13720.0,1
13721.0,1
13722.0,2
13723.0,1
13725.0,2
13726.0,1
13727.0,1
13728.0,1
13730.0,1
13731.0,1
13732.0,1
13735.0,2
13736.0,1
13737.0,1
13739.0,1
13740.0,1
13741.0,1
13742.0,2
13743.0,1
13744.0,1
13745.0,1
13748.0,1
13750.0,1
13751.0,1
13752.0,1
13753.0,1
13754.0,1
13755.0,2
13756.0,2
13758.0,2
13759.0,1
13760.0,1
13761.0,1
13762.0,1
13763.0,2
13764.0,1
13769.0,2
13771.0,2
13772.0,1
13774.0,1
13778.0,1
13780.0,1
13781.0,1
13782.0,1
13784.0,2
13786.0,1
13787.0,1
13790.0,1
13791.0,2
13792.0,1
13799.0,1
13800.0,1
13801.0,1
13802.0,2
13803.0,1
13804.0,2
13805.0,1
13806.0,1
13807.0,1
13808.0,1
13809.0,1
13810.0,1
13811.0,1
13812.0,1
13813.0,1
13814.0,2
13815.0,2
13816.0,1
13817.0,1
13819.0,1
13821.0,1
13822.0,1
13823.0,1
13824.0,1
13826.0,1
13827.0,1
13828.0,1
13831.0,1
13832.0,1
13833.0,1
13835.0,1
13837.0,1
13838.0,1
13842.0,2
13844.0,1
13845.0,1
13846.0,1
13848.0,1
13849.0,2
13850.0,2
13851.0,2
13853.0,2
13854.0,2
13856.0,1
13858.0,1
13859.0,1
13860.0,1
13862.0,2
13863.0,1
13865.0,1
13866.0,1
13867.0,1
13868.0,2
13869.0,2
13870.0,2
13871.0,2
13873.0,1
13874.0,1
13875.0,1
13876.0,1
13877.0,1
13878.0,1
13880.0,2
13882.0,2
13883.0,2
13884.0,1
13885.0,1
13886.0,1
13887.0,1
13888.0,1
13889.0,1
13890.0,2
13892.0,1
13893.0,1
13894.0,1
13895.0,2
13897.0,1
13898.0,1
13899.0,1
13900.0,1
13901.0,2
13904.0,1
13908.0,2
13911.0,2
13914.0,1
13917.0,1
13918.0,2
13919.0,1
13922.0,1
13923.0,1
13924.0,2
13925.0,1
13926.0,1
13927.0,1
13928.0,1
13929.0,1
13930.0,1
13931.0,2
13932.0,1
13933.0,1
13934.0,1
13936.0,1
13937.0,1
13938.0,1
13939.0,1
13940.0,1
13941.0,2
13946.0,1
13947.0,1
13948.0,1
13949.0,2
13950.0,1
13951.0,1
13953.0,2
13954.0,1
13955.0,1
13956.0,1
13958.0,1
13959.0,1
13960.0,1
13962.0,1
13963.0,1
13967.0,1
13969.0,2
13971.0,2
13972.0,1
13973.0,1
13974.0,1
13975.0,2
13976.0,1
13978.0,1
13979.0,1
13980.0,1
13982.0,2
13983.0,2
13984.0,1
13985.0,2
13986.0,1
13988.0,2
13989.0,1
13990.0,1
13991.0,1
13992.0,1
13993.0,2
13994.0,2
13995.0,1
13999.0,2
14000.0,1
14001.0,2
14002.0,1
14004.0,2
14005.0,2
14006.0,1
14009.0,1
14012.0,1
14013.0,1
14014.0,1
14015.0,1
14016.0,2
14019.0,1
14020.0,1
14021.0,1
14022.0,1
14023.0,1
14024.0,1
14027.0,1
14029.0,1
14030.0,2
14032.0,2
14034.0,1
14035.0,1
14036.0,1
14037.0,1
14038.0,1
14039.0,1
14040.0,2
14041.0,1
14044.0,1
14045.0,1
14046.0,1
14047.0,2
14048.0,1
14049.0,2
14050.0,1
14051.0,2
14052.0,1
14053.0,1
14054.0,1
14055.0,1
14057.0,2
14059.0,1
14060.0,2
14062.0,2
14064.0,2
14066.0,1
14067.0,1
14068.0,1
14071.0,2
14073.0,1
14075.0,1
14076.0,1
14077.0,1
14078.0,1
14079.0,1
14080.0,1
14081.0,2
14082.0,1
14083.0,1
14085.0,2
14087.0,1
14089.0,1
14092.0,2
14093.0,1
14098.0,1
14099.0,2
14100.0,1
14101.0,2
14102.0,2
14104.0,1
14105.0,2
14107.0,2
14108.0,1
14109.0,1
14110.0,2
14111.0,1
14112.0,2
14113.0,2
14114.0,1
14116.0,1
14117.0,1
14121.0,2
14124.0,1
14125.0,2
14126.0,1
14127.0,1
14128.0,1
14129.0,1
14130.0,1
14132.0,2
14133.0,1
14135.0,2
14138.0,1
14139.0,1
14140.0,1
14141.0,1
14142.0,1
14143.0,1
14145.0,2
14146.0,2
14147.0,1
14148.0,1
14149.0,1
14150.0,1
14152.0,1
14154.0,1
14155.0,1
14157.0,1
14158.0,1
14159.0,2
14161.0,1
14162.0,1
14163.0,2
14164.0,2
14165.0,1
14167.0,1
14171.0,1
14173.0,1
14174.0,1
14175.0,2
14176.0,1
14177.0,1
14178.0,2
14179.0,1
14180.0,2
14184.0,1
14185.0,1
14188.0,2
14191.0,2
14193.0,1
14195.0,1
14196.0,1
14198.0,1
14199.0,1
14201.0,1
14204.0,1
14205.0,1
14206.0,1
14208.0,1
14209.0,1
14210.0,1
14211.0,2
14212.0,1
14213.0,1
14214.0,2
14215.0,2
14216.0,2
14217.0,2
14218.0,1
14219.0,1
14220.0,1
14221.0,2
14222.0,1
14223.0,1
14224.0,1
14226.0,2
14227.0,2
14229.0,2
14231.0,1
14232.0,2
14233.0,1
14234.0,1
14235.0,2
14236.0,1
14237.0,1
14238.0,1
14239.0,2
14240.0,1
14241.0,1
14242.0,1
14243.0,2
14245.0,2
14246.0,1
14247.0,1
14248.0,1
14250.0,2
14251.0,2
14256.0,1
14257.0,2
14259.0,1
14261.0,1
14262.0,2
14264.0,1
14265.0,1
14267.0,2
14270.0,1
14271.0,1
14272.0,1
14273.0,1
14276.0,1
14280.0,1
14282.0,2
14284.0,1
14285.0,2
14286.0,2
14287.0,1
14288.0,1
14289.0,1
14290.0,2
14291.0,2
14292.0,2
14293.0,1
14295.0,1
14297.0,1
14300.0,1
14301.0,1
14304.0,1
14305.0,2
14306.0,2
14307.0,2
14309.0,2
14311.0,1
14312.0,1
14314.0,1
14315.0,2
14317.0,1
14320.0,1
14321.0,1
14323.0,1
14326.0,1
14327.0,1
14329.0,2
14331.0,1
14332.0,1
14333.0,1
14334.0,2
14335.0,1
14336.0,1
14338.0,1
14339.0,1
14340.0,1
14341.0,2
14342.0,1
14344.0,1
14345.0,1
14346.0,1
14348.0,1
14349.0,1
14350.0,1
14352.0,1
14353.0,1
14354.0,1
14355.0,1
14356.0,2
14357.0,1
14359.0,2
14360.0,2
14362.0,1
14364.0,2
14367.0,2
14368.0,1
14371.0,1
14373.0,1
14375.0,1
14377.0,1
14379.0,1
14381.0,1
14382.0,1
14383.0,1
14385.0,1
14386.0,1
14387.0,2
14388.0,2
14389.0,2
14390.0,2
14393.0,1
14395.0,2
14396.0,1
14397.0,2
14400.0,1
14401.0,2
14403.0,1
14404.0,1
14406.0,1
14407.0,2
14408.0,2
14409.0,2
14410.0,2
14411.0,1
14412.0,1
14413.0,1
14414.0,2
14415.0,2
14416.0,1
14418.0,2
14419.0,1
14420.0,1
14421.0,1
14422.0,2
14423.0,1
14426.0,2
14427.0,1
14428.0,1
14431.0,1
14432.0,2
14434.0,1
14436.0,1
14437.0,1
14438.0,1
14440.0,1
14441.0,2
14442.0,2
14443.0,2
14446.0,1
14447.0,1
14448.0,1
14449.0,1
14450.0,1
14451.0,1
14452.0,1
14453.0,1
14457.0,1
14459.0,2
14460.0,1
14461.0,2
14462.0,2
14463.0,1
14465.0,1
14466.0,1
14467.0,1
14470.0,1
14472.0,1
14473.0,1
14474.0,1
14475.0,1
14476.0,1
14477.0,1
14479.0,1
14480.0,1
14481.0,1
14482.0,2
14483.0,1
14484.0,1
14485.0,1
14487.0,2
14488.0,2
14489.0,1
14491.0,1
14493.0,2
14494.0,1
14495.0,1
14496.0,1
14497.0,1
14498.0,2
14499.0,1
14500.0,1
14501.0,1
14502.0,2
14503.0,2
14504.0,1
14505.0,2
14506.0,2
14507.0,1
14508.0,1
14511.0,1
14512.0,1
14513.0,1
14514.0,1
14515.0,1
14517.0,1
14518.0,1
14520.0,1
14522.0,1
14523.0,1
14524.0,2
14525.0,2
14528.0,1
14529.0,1
14530.0,2
14532.0,1
14533.0,2
14535.0,2
14536.0,1
14537.0,1
14538.0,1
14539.0,1
14540.0,1
14541.0,1
14542.0,1
14543.0,2
14544.0,2
14546.0,2
14547.0,2
14548.0,1
14549.0,1
14550.0,1
14551.0,1
14552.0,1
14553.0,1
14554.0,2
14555.0,1
14557.0,1
14560.0,2
14561.0,1
14562.0,2
14565.0,2
14567.0,2
14569.0,1
14570.0,1
14572.0,2
14573.0,2
14577.0,1
14578.0,1
14581.0,1
14582.0,1
14583.0,1
14584.0,1
14585.0,1
14586.0,1
14587.0,2
14589.0,1
14591.0,2
14592.0,1
14593.0,1
14594.0,1
14595.0,2
14597.0,1
14598.0,1
14600.0,1
14601.0,1
14603.0,1
14608.0,1
14609.0,2
14616.0,1
14618.0,1
14619.0,1
14620.0,1
14621.0,1
14622.0,1
14623.0,1
14624.0,1
14625.0,1
14626.0,2
14627.0,1
14628.0,1
14629.0,1
14631.0,1
14632.0,1
14633.0,1
14636.0,1
14638.0,1
14639.0,2
14640.0,2
14641.0,1
14642.0,1
14643.0,1
14644.0,1
14645.0,1
14647.0,1
14649.0,1
14651.0,1
14652.0,1
14653.0,2
14655.0,2
14656.0,1
14657.0,1
14658.0,1
14659.0,2
14660.0,1
14661.0,1
14662.0,1
14664.0,1
14665.0,2
14666.0,1
14669.0,1
14670.0,1
14672.0,1
14673.0,2
14675.0,1
14676.0,2
14681.0,1
14682.0,1
14684.0,1
14687.0,1
14688.0,2
14689.0,1
14690.0,1
14691.0,2
14692.0,1
14693.0,1
14696.0,2
14697.0,1
14698.0,1
14699.0,1
14700.0,2
14701.0,2
14702.0,2
14703.0,1
14704.0,2
14708.0,1
14709.0,2
14710.0,1
14711.0,2
14712.0,1
14713.0,2
14714.0,1
14715.0,1
14716.0,1
14719.0,2
14720.0,1
14722.0,1
14723.0,1
14725.0,1
14727.0,1
14729.0,1
14730.0,2
14731.0,1
14732.0,2
14735.0,2
14737.0,1
14738.0,1
14739.0,2
14740.0,1
14741.0,1
14744.0,1
14745.0,1
14747.0,1
14748.0,1
14752.0,1
14753.0,1
14754.0,1
14755.0,2
14756.0,1
14757.0,1
14758.0,1
14759.0,1
14760.0,1
14761.0,1
14762.0,1
14764.0,1
14765.0,1
14766.0,2
14768.0,1
14770.0,1
14772.0,1
14775.0,1
14776.0,2
14777.0,1
14778.0,1
14779.0,1
14780.0,1
14782.0,1
14784.0,1
14785.0,1
14788.0,1
14789.0,1
14790.0,1
14792.0,1
14793.0,1
14794.0,1
14795.0,1
14798.0,1
14799.0,1
14800.0,2
14801.0,1
14803.0,1
14804.0,1
14805.0,1
14806.0,1
14810.0,1
14813.0,1
14815.0,1
14816.0,1
14817.0,1
14818.0,1
14819.0,1
14820.0,1
14821.0,1
14823.0,1
14824.0,1
14825.0,1
14828.0,2
14829.0,1
14830.0,1
14834.0,2
14836.0,1
14837.0,1
14840.0,1
14841.0,2
14842.0,2
14844.0,2
14847.0,1
14849.0,2
14850.0,1
14851.0,1
14852.0,2
14853.0,1
14854.0,2
14855.0,1
14856.0,2
14857.0,1
14859.0,1
14860.0,1
14861.0,1
14862.0,1
14863.0,1
14865.0,1
14867.0,1
14868.0,2
14869.0,1
14870.0,1
14871.0,1
14873.0,1
14875.0,2
14878.0,1
14880.0,1
14881.0,1
14882.0,1
14883.0,1
14885.0,1
14886.0,1
14888.0,1
14889.0,1
14890.0,1
14891.0,1
14893.0,2
14894.0,1
14896.0,1
14897.0,1
14898.0,2
14901.0,1
14902.0,1
14903.0,2
14904.0,1
14905.0,1
14907.0,2
14908.0,1
14910.0,1
14912.0,1
14913.0,1
14915.0,1
14916.0,1
14918.0,1
14920.0,1
14921.0,2
14923.0,1
14924.0,1
14929.0,1
14930.0,2
14931.0,1
14932.0,1
14934.0,2
14937.0,1
14944.0,2
14946.0,1
14947.0,1
14948.0,1
14950.0,1
14951.0,1
14953.0,1
14954.0,1
14957.0,1
14958.0,1
14959.0,1
14960.0,1
14961.0,2
14962.0,1
14963.0,2
14964.0,1
14965.0,1
14966.0,1
14967.0,1
14968.0,1
14970.0,1
14971.0,1
14972.0,1
14973.0,1
14974.0,1
14975.0,1
14976.0,1
14978.0,1
14981.0,1
14984.0,1
14985.0,1
14987.0,1
14988.0,1
14995.0,1
14997.0,1
14998.0,1
15000.0,1
15002.0,1
15004.0,1
15006.0,1
15007.0,1
15009.0,2
15010.0,1
15012.0,1
15014.0,1
15016.0,1
15017.0,1
15018.0,1
15019.0,1
15021.0,2
15022.0,1
15023.0,2
15024.0,1
15025.0,1
15026.0,1
15027.0,1
15028.0,1
15030.0,1
15031.0,1
15033.0,2
15034.0,2
15035.0,1
15036.0,1
15038.0,1
15041.0,1
15042.0,1
15043.0,1
15045.0,1
15046.0,2
15047.0,1
15048.0,1
15049.0,1
15050.0,2
15051.0,1
15052.0,1
15053.0,1
15054.0,1
15057.0,1
15058.0,2
15059.0,2
15060.0,1
15062.0,1
15063.0,1
15065.0,2
15066.0,2
15067.0,1
15068.0,1
15069.0,1
15071.0,1
15073.0,2
15074.0,1
15075.0,1
15076.0,1
15078.0,2
15079.0,1
15081.0,1
15083.0,1
15087.0,1
15088.0,2
15089.0,2
15090.0,1
15091.0,1
15092.0,1
15093.0,2
15095.0,1
15096.0,1
15097.0,1
15099.0,1
15100.0,1
15101.0,1
15103.0,1
15104.0,1
15105.0,2
15106.0,2
15107.0,1
15108.0,1
15109.0,1
15110.0,2
15111.0,1
15113.0,2
15114.0,2
15115.0,1
15116.0,1
15117.0,2
15119.0,1
15120.0,1
15121.0,1
15122.0,2
15123.0,2
15124.0,1
15127.0,1
15128.0,2
15129.0,2
15130.0,1
15132.0,1
15133.0,1
15134.0,1
15135.0,1
15136.0,1
15139.0,1
15140.0,2
15142.0,1
15143.0,1
15144.0,2
15145.0,1
15146.0,2
15147.0,1
15148.0,1
15149.0,1
15150.0,2
15152.0,2
15153.0,1
15154.0,1
15156.0,1
15157.0,2
15158.0,1
15160.0,1
15163.0,1
15164.0,1
15165.0,1
15167.0,1
15168.0,1
15171.0,1
15172.0,1
15174.0,1
15175.0,1
15178.0,1
15179.0,2
15180.0,1
15181.0,1
15182.0,1
15184.0,1
15185.0,1
15186.0,1
15187.0,2
15192.0,1
15193.0,1
15197.0,1
15198.0,1
15199.0,1
15201.0,2
15203.0,1
15204.0,1
15205.0,1
15206.0,1
15208.0,1
15210.0,1
15211.0,1
15212.0,1
15213.0,1
15214.0,1
15215.0,2
15216.0,1
15218.0,2
15219.0,1
15220.0,2
15221.0,1
15222.0,1
15223.0,1
15224.0,1
15225.0,1
15226.0,1
15227.0,1
15228.0,2
15230.0,1
15232.0,1
15234.0,1
15235.0,2
15236.0,1
15237.0,2
15238.0,1
15239.0,1
15240.0,2
15241.0,2
15243.0,1
15244.0,1
15245.0,2
15246.0,1
15247.0,1
15249.0,2
15251.0,2
15252.0,1
15253.0,1
15254.0,1
15255.0,1
15256.0,1
15257.0,1
15258.0,1
15260.0,1
15261.0,1
15262.0,1
15263.0,1
15264.0,1
15265.0,1
15266.0,1
15267.0,1
15269.0,1
15270.0,2
15271.0,2
15272.0,1
15274.0,1
15275.0,1
15276.0,1
15277.0,1
15279.0,1
15280.0,1
15281.0,2
15286.0,1
15287.0,1
15288.0,2
15289.0,1
15290.0,2
15291.0,2
15292.0,1
15296.0,2
15297.0,1
15298.0,2
15299.0,2
15300.0,1
15301.0,2
15303.0,1
15304.0,1
15306.0,1
15307.0,1
15308.0,1
15312.0,1
15314.0,1
15315.0,1
15318.0,1
15319.0,1
15320.0,1
15321.0,2
15322.0,1
15325.0,1
15326.0,1
15327.0,1
15329.0,1
15330.0,1
15333.0,1
15334.0,1
15335.0,1
15339.0,1
15342.0,1
15343.0,1
15344.0,1
15345.0,1
15346.0,1
15347.0,1
15348.0,1
15349.0,1
15350.0,1
15351.0,2
15353.0,1
15355.0,1
15356.0,2
15360.0,1
15361.0,1
15363.0,1
15364.0,1
15365.0,2
15366.0,1
15367.0,2
15368.0,1
15370.0,2
15373.0,2
15374.0,1
15376.0,1
15379.0,2
15380.0,1
15381.0,1
15382.0,2
15384.0,1
15385.0,1
15386.0,1
15388.0,1
15392.0,2
15393.0,1
15394.0,1
15395.0,1
15396.0,1
15397.0,1
15398.0,1
15399.0,1
15400.0,1
15402.0,1
15405.0,1
15406.0,1
15407.0,1
15408.0,1
15410.0,2
15411.0,1
15412.0,1
15414.0,1
15415.0,1
15416.0,2
15417.0,1
15419.0,1
15421.0,1
15422.0,1
15423.0,1
15424.0,1
15426.0,2
15427.0,2
15428.0,1
15429.0,1
15432.0,1
15433.0,1
15434.0,1
15435.0,1
15436.0,1
15437.0,1
15438.0,1
15440.0,1
15442.0,1
15443.0,2
15444.0,2
15445.0,1
15447.0,1
15448.0,1
15449.0,1
15450.0,1
15452.0,1
15453.0,1
15454.0,1
15456.0,1
15457.0,1
15458.0,1
15460.0,1
15462.0,1
15463.0,1
15464.0,1
15466.0,1
15467.0,1
15468.0,1
15469.0,1
15471.0,1
15472.0,1
15473.0,2
15475.0,1
15478.0,1
15480.0,1
15483.0,1
15484.0,2
15485.0,2
15489.0,1
15491.0,2
15492.0,1
15493.0,2
15494.0,2
15497.0,2
15500.0,1
15503.0,1
15504.0,1
15505.0,2
15506.0,1
15507.0,1
15508.0,1
15511.0,1
15512.0,1
15513.0,2
15514.0,2
15516.0,1
15517.0,1
15518.0,2
15520.0,1
15521.0,2
15522.0,1
15523.0,1
15525.0,1
15526.0,1
15527.0,2
15528.0,1
15529.0,2
15530.0,1
15531.0,2
15532.0,2
15533.0,1
15535.0,1
15537.0,1
15539.0,1
15540.0,1
15541.0,1
15543.0,1
15544.0,2
15545.0,1
15547.0,2
15549.0,2
15550.0,1
15551.0,1
15552.0,1
15553.0,1
15554.0,1
15555.0,2
15556.0,1
15557.0,1
15561.0,1
15563.0,2
15565.0,1
15567.0,1
15568.0,1
15569.0,1
15570.0,2
15571.0,1
15572.0,2
15573.0,1
15574.0,1
15576.0,1
15577.0,1
15578.0,1
15579.0,1
15581.0,1
15582.0,1
15584.0,1
15585.0,1
15587.0,1
15589.0,1
15592.0,1
15593.0,1
15594.0,2
15596.0,2
15597.0,1
15598.0,1
15599.0,1
15601.0,2
15602.0,2
15603.0,1
15604.0,1
15605.0,1
15606.0,2
15607.0,1
15608.0,1
15609.0,1
15610.0,1
15611.0,2
15612.0,1
15615.0,2
15618.0,1
15619.0,1
15620.0,2
15621.0,2
15622.0,2
15623.0,1
15624.0,1
15625.0,2
15626.0,1
15628.0,2
15630.0,1
15632.0,2
15634.0,1
15636.0,1
15637.0,1
15638.0,1
15639.0,1
15641.0,2
15643.0,1
15644.0,1
15645.0,1
15646.0,1
15648.0,1
15649.0,1
15651.0,1
15652.0,1
15653.0,1
15654.0,1
15655.0,1
15656.0,1
15658.0,1
15659.0,1
15660.0,2
15661.0,1
15663.0,1
15664.0,1
15665.0,2
15667.0,1
15669.0,1
15670.0,1
15671.0,2
15673.0,2
15674.0,2
15675.0,1
15676.0,2
15677.0,1
15678.0,1
15679.0,1
15680.0,1
15681.0,1
15683.0,1
15687.0,2
15689.0,1
15690.0,1
15691.0,1
15692.0,1
15694.0,2
15695.0,1
15696.0,2
15699.0,1
15700.0,1
15701.0,2
15703.0,1
15704.0,2
15705.0,1
15706.0,2
15707.0,1
15708.0,2
15709.0,1
15712.0,1
15713.0,1
15714.0,1
15716.0,1
15717.0,1
15719.0,2
15720.0,1
15721.0,1
15722.0,2
15723.0,1
15724.0,1
15725.0,1
15727.0,2
15728.0,1
15729.0,1
15730.0,1
15732.0,1
15733.0,1
15734.0,1
15737.0,2
15738.0,2
15739.0,1
15740.0,1
15743.0,1
15744.0,1
15745.0,1
15746.0,1
15747.0,1
15748.0,1
15750.0,2
15752.0,2
15754.0,1
15755.0,2
15756.0,1
15757.0,1
15758.0,1
15759.0,1
15762.0,1
15763.0,1
15764.0,2
15766.0,1
15768.0,1
15773.0,1
15774.0,1
15775.0,1
15776.0,1
15777.0,1
15780.0,1
15781.0,1
15782.0,2
15783.0,1
15785.0,2
15787.0,1
15789.0,1
15790.0,1
15791.0,2
15793.0,1
15795.0,1
15796.0,2
15797.0,2
15799.0,1
15800.0,1
15801.0,2
15803.0,1
15804.0,2
15805.0,2
15806.0,1
15807.0,1
15809.0,1
15810.0,2
15811.0,2
15812.0,1
15813.0,1
15814.0,2
15815.0,1
15819.0,1
15820.0,1
15821.0,1
15822.0,1
15823.0,1
15825.0,1
15826.0,2
15829.0,1
15830.0,1
15831.0,1
15832.0,1
15834.0,2
15835.0,1
15836.0,1
15837.0,1
15839.0,2
15840.0,1
15841.0,1
15843.0,1
15844.0,1
15845.0,2
15847.0,1
15850.0,1
15852.0,1
15853.0,1
15854.0,2
15855.0,1
15857.0,1
15858.0,1
15860.0,1
15861.0,2
15862.0,1
15863.0,1
15864.0,2
15865.0,1
15866.0,1
15867.0,2
15869.0,1
15870.0,1
15872.0,1
15874.0,2
15877.0,1
15880.0,1
15881.0,1
15882.0,1
15883.0,1
15885.0,1
15886.0,1
15888.0,1
15889.0,1
15891.0,1
15894.0,1
15895.0,1
15897.0,1
15898.0,1
15899.0,1
15900.0,1
15901.0,1
15903.0,2
15904.0,1
15906.0,1
15907.0,1
15909.0,1
15910.0,1
15912.0,1
15916.0,2
15917.0,1
15918.0,1
15919.0,1
15920.0,1
15921.0,1
15922.0,1
15923.0,1
15925.0,1
15930.0,1
15932.0,2
15933.0,1
15935.0,1
15937.0,1
15938.0,1
15939.0,2
15942.0,1
15944.0,1
15945.0,1
15948.0,1
15949.0,1
15950.0,2
15951.0,1
15952.0,1
15953.0,2
15955.0,2
15957.0,1
15958.0,1
15963.0,1
15965.0,1
15967.0,1
15969.0,1
15970.0,1
15971.0,2
15973.0,1
15974.0,2
15975.0,1
15976.0,1
15977.0,1
15978.0,1
15980.0,2
15981.0,2
15983.0,2
15984.0,2
15985.0,1
15986.0,1
15987.0,1
15988.0,1
15990.0,1
15992.0,1
15993.0,2
15994.0,1
15996.0,1
15998.0,2
16003.0,2
16005.0,1
16006.0,1
16007.0,2
16008.0,1
16009.0,1
16010.0,1
16011.0,2
16012.0,1
16014.0,1
16015.0,1
16016.0,2
16017.0,1
16018.0,1
16019.0,2
16020.0,1
16022.0,1
16023.0,1
16024.0,1
16025.0,1
16026.0,1
16027.0,1
16030.0,1
16031.0,1
16034.0,1
16036.0,1
16037.0,1
16038.0,1
16040.0,1
16042.0,2
16043.0,1
16045.0,1
16048.0,1
16049.0,1
16050.0,1
16052.0,1
16053.0,2
16054.0,1
16055.0,1
16056.0,1
16057.0,2
16059.0,1
16062.0,1
16063.0,1
16065.0,1
16066.0,1
16070.0,1
16071.0,1
16072.0,1
16073.0,1
16076.0,2
16079.0,1
16080.0,1
16081.0,2
16083.0,1
16084.0,1
16085.0,1
16086.0,1
16091.0,1
16092.0,1
16094.0,2
16096.0,1
16097.0,1
16098.0,1
16099.0,1
16101.0,2
16102.0,1
16103.0,1
16104.0,1
16105.0,1
16106.0,1
16107.0,2
16108.0,1
16109.0,1
16110.0,2
16112.0,1
16113.0,1
16114.0,1
16115.0,1
16116.0,1
16117.0,1
16119.0,1
16120.0,1
16121.0,1
16122.0,1
16123.0,1
16124.0,1
16125.0,1
16127.0,1
16128.0,1
16131.0,2
16134.0,1
16135.0,1
16136.0,1
16139.0,1
16140.0,1
16141.0,1
16142.0,1
16143.0,2
16145.0,2
16146.0,1
16147.0,1
16149.0,1
16150.0,2
16153.0,1
16156.0,2
16157.0,1
16159.0,1
16160.0,2
16162.0,1
16163.0,1
16164.0,1
16168.0,2
16169.0,1
16170.0,2
16171.0,1
16172.0,1
16173.0,1
16174.0,1
16175.0,1
16177.0,1
16178.0,1
16179.0,1
16181.0,1
16182.0,2
16183.0,1
16184.0,1
16185.0,1
16186.0,2
16187.0,2
16188.0,1
16189.0,1
16190.0,1
16193.0,1
16198.0,1
16200.0,1
16201.0,2
16202.0,1
16203.0,1
16204.0,1
16205.0,1
16206.0,1
16207.0,1
16208.0,1
16209.0,2
16211.0,1
16212.0,1
16213.0,1
16214.0,1
16215.0,1
16216.0,1
16217.0,1
16218.0,2
16221.0,1
16222.0,1
16224.0,1
16225.0,1
16226.0,1
16227.0,1
16229.0,1
16230.0,1
16232.0,1
16233.0,1
16235.0,1
16236.0,1
16239.0,1
16240.0,2
16241.0,2
16242.0,2
16243.0,1
16244.0,2
16245.0,2
16247.0,1
16248.0,1
16249.0,1
16250.0,1
16252.0,1
16253.0,2
16255.0,2
16256.0,1
16258.0,2
16260.0,1
16261.0,1
16262.0,1
16265.0,2
16266.0,1
16268.0,1
16270.0,1
16271.0,1
16272.0,1
16274.0,1
16275.0,1
16276.0,1
16278.0,1
16279.0,2
16281.0,2
16282.0,1
16283.0,2
16284.0,1
16287.0,1
16292.0,1
16293.0,2
16295.0,1
16297.0,1
16298.0,1
16302.0,1
16303.0,2
16305.0,1
16306.0,1
16308.0,2
16309.0,1
16311.0,1
16313.0,1
16315.0,1
16316.0,2
16317.0,1
16318.0,1
16319.0,1
16320.0,1
16321.0,1
16322.0,1
16324.0,1
16325.0,1
16326.0,2
16327.0,2
16330.0,1
16332.0,2
16337.0,1
16338.0,1
16339.0,1
16340.0,1
16341.0,2
16342.0,1
16343.0,1
16344.0,1
16345.0,1
16347.0,1
16348.0,1
16349.0,1
16350.0,1
16351.0,1
16352.0,1
16353.0,2
16354.0,1
16356.0,1
16357.0,1
16358.0,2
16359.0,2
16360.0,2
16361.0,1
16362.0,2
16363.0,1
16364.0,1
16365.0,1
16366.0,1
16367.0,1
16368.0,1
16369.0,1
16370.0,1
16372.0,1
16374.0,1
16376.0,2
16377.0,1
16378.0,1
16379.0,2
16383.0,1
16384.0,1
16385.0,1
16386.0,1
16387.0,1
16389.0,1
16392.0,1
16393.0,2
16394.0,2
16395.0,1
16398.0,2
16399.0,1
16400.0,1
16401.0,2
16402.0,1
16403.0,1
16404.0,1
16405.0,1
16406.0,1
16407.0,1
16409.0,2
16411.0,1
16412.0,1
16413.0,1
16414.0,1
16415.0,1
16416.0,1
16418.0,1
16419.0,1
16423.0,1
16424.0,1
16425.0,1
16426.0,2
16427.0,1
16429.0,1
16430.0,1
16431.0,1
16432.0,1
16433.0,1
16434.0,1
16438.0,1
16440.0,2
16441.0,1
16442.0,1
16444.0,1
16445.0,1
16447.0,1
16448.0,1
16449.0,1
16450.0,1
16451.0,1
16455.0,1
16456.0,1
16457.0,1
16458.0,2
16460.0,1
16461.0,1
16462.0,1
16463.0,2
16464.0,1
16466.0,1
16468.0,1
16469.0,1
16470.0,1
16471.0,1
16473.0,1
16474.0,2
16475.0,1
16477.0,2
16478.0,1
16479.0,1
16480.0,1
16482.0,1
16483.0,1
16484.0,1
16485.0,1
16488.0,1
16491.0,1
16493.0,2
16494.0,1
16495.0,1
16496.0,2
16497.0,2
16498.0,1
16499.0,1
16500.0,1
16503.0,1
16504.0,1
16505.0,1
16506.0,1
16509.0,1
16510.0,1
16511.0,1
16513.0,1
16515.0,1
16516.0,1
16517.0,1
16518.0,1
16519.0,1
16520.0,1
16525.0,2
16526.0,1
16527.0,1
16528.0,1
16529.0,1
16531.0,1
16533.0,2
16535.0,1
16536.0,1
16539.0,1
16542.0,1
16545.0,1
16546.0,1
16549.0,2
16550.0,2
16551.0,1
16552.0,1
16553.0,2
16554.0,2
16555.0,1
16556.0,2
16557.0,1
16558.0,2
16560.0,1
16561.0,1
16563.0,1
16565.0,1
16566.0,1
16567.0,1
16569.0,1
16570.0,2
16571.0,2
16572.0,1
16573.0,1
16574.0,1
16581.0,1
16582.0,1
16583.0,1
16584.0,1
16586.0,1
16587.0,1
16589.0,1
16591.0,1
16592.0,2
16593.0,1
16594.0,1
16595.0,1
16596.0,1
16597.0,1
16598.0,1
16600.0,1
16601.0,1
16602.0,1
16603.0,1
16607.0,2
16609.0,2
16610.0,1
16611.0,1
16612.0,1
16613.0,1
16614.0,1
16616.0,1
16617.0,1
16618.0,2
16619.0,1
16620.0,1
16621.0,1
16623.0,1
16624.0,1
16625.0,1
16626.0,2
16627.0,1
16628.0,2
16629.0,1
16633.0,2
16634.0,1
16637.0,1
16638.0,2
16639.0,1
16641.0,1
16642.0,1
16643.0,1
16644.0,1
16647.0,1
16648.0,1
16650.0,1
16652.0,2
16653.0,2
16654.0,1
16655.0,2
16657.0,1
16658.0,1
16659.0,1
16660.0,1
16665.0,1
16666.0,1
16667.0,1
16668.0,1
16669.0,1
16670.0,2
16671.0,2
16672.0,2
16674.0,1
16676.0,1
16678.0,2
16679.0,1
16680.0,1
16681.0,1
16682.0,1
16685.0,1
16686.0,2
16688.0,1
16689.0,1
16690.0,1
16692.0,1
16693.0,1
16696.0,1
16697.0,1
16698.0,2
16700.0,2
16701.0,2
16706.0,1
16708.0,1
16709.0,2
16710.0,2
16711.0,1
16712.0,2
16714.0,1
16715.0,1
16716.0,1
16717.0,2
16718.0,1
16719.0,2
16720.0,1
16721.0,1
16722.0,2
16723.0,1
16725.0,1
16726.0,1
16727.0,1
16728.0,1
16729.0,2
16730.0,1
16732.0,1
16734.0,1
16735.0,2
16739.0,1
16742.0,1
16743.0,2
16744.0,1
16745.0,2
16746.0,2
16747.0,1
16748.0,1
16750.0,1
16751.0,2
16752.0,1
16753.0,1
16755.0,2
16756.0,1
16757.0,1
16758.0,1
16759.0,1
16761.0,1
16762.0,1
16763.0,1
16764.0,2
16766.0,1
16767.0,2
16768.0,1
16769.0,1
16770.0,1
16771.0,2
16773.0,1
16774.0,1
16775.0,1
16776.0,1
16777.0,1
16778.0,1
16780.0,1
16781.0,1
16782.0,2
16784.0,1
16788.0,1
16789.0,1
16790.0,2
16791.0,2
16792.0,1
16793.0,1
16794.0,2
16795.0,1
16796.0,1
16800.0,2
16801.0,1
16803.0,1
16804.0,1
16805.0,1
16806.0,1
16807.0,1
16808.0,1
16809.0,1
16810.0,1
16811.0,1
16812.0,1
16813.0,2
16814.0,2
16816.0,1
16817.0,2
16818.0,2
16820.0,1
16823.0,1
16824.0,1
16825.0,1
16826.0,1
16828.0,1
16829.0,1
16830.0,1
16832.0,1
16833.0,1
16834.0,1
16835.0,1
16836.0,1
16837.0,2
16838.0,1
16841.0,2
16842.0,1
16843.0,2
16846.0,1
16847.0,1
16848.0,1
16849.0,1
16850.0,1
16851.0,1
16852.0,1
16855.0,1
16856.0,1
16858.0,1
16859.0,2
16861.0,1
16863.0,1
16866.0,1
16869.0,1
16871.0,2
16872.0,1
16875.0,2
16877.0,1
16878.0,1
16880.0,1
16882.0,1
16883.0,1
16884.0,1
16885.0,1
16887.0,1
16889.0,1
16891.0,1
16892.0,1
16893.0,1
16895.0,1
16897.0,1
16898.0,1
16899.0,1
16900.0,2
16902.0,2
16903.0,1
16904.0,2
16905.0,2
16906.0,1
16907.0,1
16909.0,1
16910.0,2
16912.0,2
16913.0,1
16914.0,1
16915.0,1
16916.0,1
16917.0,1
16918.0,1
16919.0,2
16921.0,1
16924.0,1
16926.0,1
16927.0,1
16928.0,2
16929.0,1
16930.0,1
16931.0,2
16932.0,1
16933.0,2
16934.0,1
16936.0,1
16938.0,2
16940.0,2
16942.0,2
16943.0,1
16945.0,2
16947.0,1
16948.0,1
16949.0,1
16950.0,1
16951.0,2
16952.0,1
16954.0,1
16955.0,1
16956.0,1
16957.0,1
16959.0,1
16960.0,1
16961.0,1
16963.0,1
16965.0,1
16966.0,2
16967.0,1
16968.0,1
16969.0,1
16971.0,1
16976.0,1
16978.0,1
16979.0,2
16980.0,1
16982.0,1
16983.0,2
16985.0,2
16986.0,2
16987.0,1
16988.0,1
16989.0,1
16992.0,2
16996.0,2
16997.0,1
16998.0,1
16999.0,1
17001.0,2
17002.0,1
17004.0,1
17006.0,1
17007.0,1
17010.0,1
17011.0,1
17014.0,1
17015.0,2
17018.0,1
17019.0,1
17022.0,1
17024.0,1
17025.0,1
17026.0,1
17027.0,1
17029.0,1
17030.0,1
17031.0,1
17033.0,1
17034.0,1
17035.0,1
17037.0,2
17038.0,1
17040.0,1
17041.0,1
17042.0,1
17043.0,2
17044.0,2
17045.0,1
17046.0,1
17047.0,1
17048.0,2
17049.0,2
17050.0,2
17051.0,1
17052.0,1
17053.0,1
17054.0,2
17058.0,1
17059.0,2
17060.0,1
17061.0,2
17062.0,1
17063.0,2
17064.0,1
17068.0,2
17069.0,2
17070.0,1
17071.0,2
17073.0,1
17075.0,1
17076.0,1
17078.0,1
17079.0,1
17080.0,1
17081.0,1
17082.0,2
17083.0,1
17085.0,1
17086.0,2
17088.0,2
17090.0,2
17091.0,2
17092.0,1
17094.0,1
17095.0,2
17096.0,1
17097.0,1
17100.0,1
17101.0,1
17105.0,1
17109.0,2
17110.0,1
17111.0,1
17114.0,1
17115.0,1
17117.0,1
17118.0,1
17119.0,1
17120.0,1
17122.0,1
17123.0,1
17124.0,1
17125.0,1
17126.0,2
17128.0,1
17131.0,2
17133.0,2
17134.0,1
17135.0,1
17138.0,1
17140.0,1
17142.0,1
17144.0,1
17146.0,1
17147.0,2
17148.0,1
17152.0,2
17153.0,1
17154.0,1
17155.0,1
17157.0,1
17158.0,1
17159.0,2
17160.0,2
17162.0,2
17163.0,1
17164.0,2
17165.0,1
17166.0,1
17169.0,1
17171.0,1
17172.0,1
17173.0,2
17174.0,1
17175.0,1
17176.0,1
17179.0,1
17180.0,1
17181.0,1
17183.0,2
17186.0,1
17187.0,1
17188.0,2
17189.0,1
17190.0,1
17191.0,2
17193.0,2
17194.0,1
17197.0,1
17198.0,1
17201.0,1
17203.0,2
17204.0,2
17205.0,1
17206.0,1
17211.0,2
17212.0,1
17213.0,2
17214.0,1
17217.0,1
17218.0,2
17219.0,1
17220.0,2
17221.0,1
17222.0,1
17223.0,1
17226.0,1
17227.0,1
17228.0,2
17229.0,1
17230.0,2
17231.0,2
17232.0,1
17233.0,1
17234.0,1
17235.0,1
17236.0,1
17237.0,1
17238.0,2
17239.0,1
17242.0,1
17244.0,1
17245.0,1
17247.0,1
17248.0,1
17250.0,1
17251.0,1
17252.0,1
17253.0,1
17254.0,1
17255.0,1
17256.0,1
17259.0,1
17262.0,1
17263.0,1
17265.0,1
17266.0,1
17267.0,1
17268.0,1
17272.0,2
17274.0,1
17277.0,1
17278.0,1
17279.0,1
17282.0,2
17284.0,2
17286.0,1
17287.0,1
17288.0,1
17289.0,1
17290.0,1
17293.0,1
17295.0,1
17297.0,1
17298.0,1
17299.0,1
17301.0,1
17302.0,1
17303.0,1
17306.0,2
17309.0,1
17311.0,1
17312.0,1
17313.0,2
17314.0,2
17315.0,2
17320.0,1
17321.0,1
17323.0,1
17324.0,1
17325.0,1
17329.0,1
17330.0,1
17333.0,1
17334.0,1
17337.0,2
17338.0,2
17339.0,1
17341.0,1
17343.0,1
17344.0,1
17345.0,1
17346.0,2
17348.0,1
17349.0,1
17350.0,2
17351.0,1
17353.0,1
17354.0,2
17356.0,1
17357.0,1
17358.0,1
17359.0,1
17360.0,1
17361.0,1
17362.0,1
17364.0,2
17365.0,2
17367.0,1
17368.0,2
17370.0,1
17371.0,1
17372.0,1
17373.0,1
17374.0,1
17375.0,1
17376.0,1
17377.0,2
17379.0,1
17383.0,1
17384.0,1
17385.0,1
17386.0,2
17387.0,1
17388.0,1
17391.0,1
17392.0,1
17394.0,1
17397.0,1
17398.0,1
17400.0,2
17402.0,1
17403.0,1
17405.0,2
17406.0,2
17408.0,1
17409.0,1
17410.0,1
17411.0,1
17412.0,1
17414.0,1
17415.0,1
17416.0,2
17418.0,1
17419.0,2
17420.0,1
17422.0,2
17423.0,1
17425.0,1
17426.0,2
17427.0,1
17429.0,1
17430.0,1
17431.0,1
17432.0,1
17433.0,1
17434.0,2
17436.0,1
17438.0,1
17440.0,1
17442.0,2
17444.0,2
17446.0,1
17447.0,1
17449.0,2
17451.0,2
17453.0,1
17454.0,1
17455.0,1
17456.0,1
17457.0,1
17458.0,1
17459.0,1
17460.0,1
17461.0,1
17462.0,1
17463.0,2
17464.0,1
17466.0,1
17468.0,1
17469.0,2
17470.0,1
17472.0,1
17475.0,1
17480.0,1
17481.0,2
17483.0,1
17486.0,1
17489.0,1
17490.0,2
17491.0,2
17492.0,1
17495.0,1
17496.0,1
17498.0,1
17499.0,1
17500.0,1
17501.0,1
17502.0,1
17503.0,1
17504.0,2
17505.0,1
17506.0,1
17507.0,1
17508.0,1
17510.0,1
17512.0,2
17513.0,1
17514.0,1
17515.0,1
17516.0,1
17517.0,1
17519.0,1
17520.0,1
17521.0,1
17522.0,1
17523.0,1
17524.0,1
17525.0,1
17526.0,2
17527.0,1
17528.0,2
17530.0,2
17531.0,1
17534.0,1
17535.0,1
17536.0,1
17537.0,1
17538.0,1
17540.0,1
17542.0,1
17545.0,1
17547.0,1
17548.0,1
17549.0,1
17550.0,1
17551.0,1
17552.0,1
17553.0,2
17554.0,2
17555.0,1
17556.0,1
17557.0,1
17560.0,1
17561.0,1
17562.0,1
17564.0,1
17566.0,1
17567.0,2
17569.0,1
17571.0,2
17572.0,1
17573.0,1
17574.0,1
17576.0,2
17578.0,1
17579.0,1
17580.0,1
17582.0,1
17584.0,1
17585.0,1
17588.0,1
17589.0,2
17590.0,2
17591.0,2
17593.0,2
17594.0,1
17595.0,1
17596.0,2
17600.0,1
17601.0,1
17602.0,2
17603.0,1
17604.0,1
17608.0,1
17609.0,1
17612.0,2
17613.0,2
17614.0,1
17615.0,1
17616.0,1
17618.0,1
17619.0,1
17620.0,1
17621.0,1
17623.0,1
17624.0,1
17625.0,2
17628.0,1
17629.0,2
17630.0,1
17631.0,1
17633.0,2
17634.0,2
17636.0,1
17637.0,1
17639.0,1
17640.0,1
17642.0,1
17643.0,1
17644.0,2
17646.0,1
17647.0,1
17648.0,2
17649.0,1
17650.0,1
17651.0,2
17652.0,2
17653.0,2
17654.0,1
17655.0,2
17656.0,2
17658.0,1
17659.0,2
17660.0,1
17663.0,2
17664.0,1
17666.0,1
17667.0,2
17668.0,1
17669.0,2
17670.0,1
17671.0,1
17672.0,2
17673.0,2
17674.0,1
17676.0,1
17678.0,1
17679.0,2
17680.0,1
17682.0,2
17684.0,1
17685.0,2
17686.0,2
17690.0,2
17691.0,1
17692.0,1
17693.0,1
17694.0,1
17695.0,1
17696.0,2
17697.0,1
17698.0,1
17700.0,2
17701.0,1
17702.0,2
17703.0,1
17704.0,1
17705.0,2
17707.0,1
17708.0,1
17709.0,1
17711.0,1
17712.0,1
17714.0,1
17716.0,2
17718.0,1
17719.0,2
17720.0,1
17722.0,2
17723.0,2
17724.0,1
17725.0,2
17727.0,1
17728.0,2
17730.0,2
17731.0,1
17732.0,1
17733.0,1
17734.0,1
17736.0,1
17737.0,1
17738.0,2
17739.0,2
17742.0,1
17744.0,2
17746.0,1
17747.0,1
17749.0,1
17750.0,2
17754.0,2
17757.0,2
17758.0,2
17759.0,1
17760.0,1
17761.0,1
17764.0,1
17765.0,1
17767.0,1
17768.0,2
17769.0,2
17770.0,1
17771.0,1
17772.0,1
17774.0,1
17775.0,1
17777.0,1
17779.0,1
17781.0,1
17783.0,1
17785.0,1
17786.0,1
17787.0,1
17788.0,1
17789.0,1
17790.0,1
17791.0,1
17793.0,1
17795.0,1
17796.0,1
17797.0,1
17799.0,2
17800.0,1
17802.0,1
17805.0,1
17806.0,1
17809.0,2
17812.0,1
17813.0,2
17816.0,1
17817.0,1
17819.0,2
17820.0,1
17824.0,1
17827.0,2
17828.0,2
17829.0,1
17830.0,1
17831.0,1
17832.0,1
17835.0,1
17836.0,1
17837.0,2
17838.0,2
17839.0,1
17843.0,1
17844.0,1
17848.0,1
17849.0,1
17852.0,1
17854.0,1
17855.0,1
17856.0,2
17858.0,2
17859.0,1
17860.0,1
17861.0,2
17862.0,1
17863.0,2
17864.0,1
17866.0,1
17867.0,2
17869.0,1
17870.0,2
17871.0,1
17873.0,1
17874.0,1
17877.0,1
17878.0,1
17879.0,1
17880.0,1
17881.0,1
17883.0,1
17884.0,1
17885.0,1
17886.0,1
17887.0,1
17888.0,2
17889.0,1
17890.0,1
17891.0,1
17892.0,1
17893.0,1
17894.0,1
17895.0,1
17896.0,1
17897.0,1
17898.0,1
17899.0,1
17900.0,1
17901.0,1
17904.0,1
17905.0,1
17906.0,1
17908.0,1
17911.0,1
17912.0,1
17913.0,1
17914.0,1
17917.0,1
17919.0,1
17920.0,2
17921.0,1
17926.0,1
17928.0,1
17929.0,1
17930.0,1
17931.0,1
17932.0,1
17934.0,1
17935.0,1
17936.0,1
17937.0,2
17939.0,1
17940.0,2
17941.0,1
17942.0,1
17946.0,1
17947.0,1
17950.0,1
17951.0,1
17954.0,2
17955.0,1
17957.0,1
17958.0,1
17960.0,1
17961.0,2
17962.0,1
17964.0,1
17965.0,2
17966.0,1
17967.0,1
17968.0,1
17969.0,1
17970.0,1
17972.0,1
17973.0,1
17974.0,1
17975.0,2
17976.0,1
17977.0,1
17978.0,1
17979.0,1
17980.0,1
17984.0,1
17985.0,1
17987.0,1
17988.0,1
17990.0,1
17991.0,1
17994.0,1
17995.0,1
17997.0,2
17999.0,1
18001.0,1
18004.0,1
18005.0,1
18006.0,1
18008.0,2
18009.0,1
18010.0,1
18011.0,1
18013.0,1
18014.0,1
18015.0,1
18016.0,1
18017.0,1
18018.0,1
18019.0,1
18022.0,1
18024.0,1
18027.0,1
18030.0,1
18032.0,1
18033.0,1
18034.0,1
18035.0,1
18036.0,1
18037.0,1
18040.0,1
18041.0,2
18042.0,1
18043.0,1
18044.0,2
18045.0,1
18048.0,1
18050.0,1
18053.0,1
18055.0,2
18056.0,1
18058.0,1
18059.0,1
18061.0,1
18062.0,1
18064.0,1
18065.0,2
18066.0,1
18067.0,1
18069.0,2
18071.0,1
18072.0,1
18073.0,2
18074.0,1
18075.0,2
18077.0,2
18078.0,1
18079.0,2
18080.0,1
18081.0,1
18082.0,1
18084.0,1
18085.0,1
18086.0,1
18088.0,1
18092.0,2
18093.0,2
18094.0,2
18095.0,1
18096.0,1
18097.0,2
18099.0,1
18101.0,1
18104.0,1
18105.0,1
18106.0,1
18108.0,1
18110.0,1
18112.0,1
18114.0,1
18116.0,2
18117.0,1
18119.0,1
18120.0,1
18121.0,1
18122.0,2
18123.0,1
18125.0,1
18126.0,1
18127.0,1
18129.0,1
18130.0,2
18135.0,1
18136.0,1
18138.0,1
18142.0,1
18143.0,1
18144.0,2
18145.0,2
18146.0,1
18147.0,1
18149.0,1
18150.0,1
18151.0,1
18154.0,1
18155.0,1
18156.0,1
18158.0,1
18159.0,1
18160.0,1
18161.0,1
18164.0,1
18165.0,1
18167.0,2
18168.0,1
18169.0,1
18170.0,1
18171.0,2
18172.0,2
18173.0,1
18176.0,1
18177.0,1
18178.0,2
18179.0,1
18180.0,2
18181.0,1
18183.0,1
18185.0,1
18188.0,2
18189.0,1
18190.0,1
18191.0,1
18192.0,1
18193.0,1
18194.0,2
18196.0,1
18198.0,2
18200.0,1
18202.0,1
18203.0,1
18204.0,2
18205.0,1
18209.0,1
18210.0,2
18211.0,1
18212.0,1
18213.0,1
18215.0,1
18216.0,1
18217.0,1
18218.0,1
18219.0,2
18220.0,1
18221.0,1
18222.0,1
18224.0,1
18225.0,2
18226.0,2
18227.0,1
18228.0,1
18229.0,2
18230.0,2
18231.0,2
18232.0,1
18235.0,2
18236.0,1
18237.0,1
18239.0,1
18240.0,1
18241.0,2
18242.0,2
18245.0,2
18246.0,1
18248.0,1
18249.0,1
18250.0,1
18252.0,1
18255.0,1
18256.0,1
18257.0,2
18259.0,2
18260.0,2
18261.0,1
18262.0,1
18263.0,1
18265.0,1
18268.0,1
18269.0,1
18270.0,1
18272.0,2
18273.0,1
18274.0,1
18276.0,1
18277.0,1
18278.0,1
18280.0,1
18281.0,1
18282.0,1
18283.0,2
18287.0,2
